Record ID,Survey Timestamp,1st Choice,2nd Choice,3rd Choice,4th Choice,5th Choice,6th Choice,7th Choice,8th Choice,9th Choice,10th Choice,11th Choice,12th Choice,13th Choice,14th Choice,15th Choice
1,3/20/24 17:40,7,3,9,1,11,8,6,4,2,12,14,5,10,13,15
2,3/20/24 20:11,6,8,14,2,12,10,4,5,13,11,3,9,7,15,1
3,3/20/24 20:33,1,9,8,5,13,10,6,12,11,7,3,15,14,2,4
4,3/21/24 19:53,9,15,14,2,11,5,3,7,12,4,8,6,10,13,1
5,3/21/24 21:21,9,3,15,1,5,2,14,11,6,4,10,12,8,7,13
6,3/21/24 22:57,7,3,13,15,9,5,11,12,14,8,6,2,4,10,1
7,3/22/24 13:48,13,5,12,1,2,11,7,9,4,8,14,10,6,15,3
8,3/22/24 22:04,3,5,11,9,8,14,1,10,2,6,4,7,13,15,12
9,3/23/24 9:38,12,10,6,8,1,13,14,15,2,3,4,5,7,9,11
10,3/25/24 16:47,11,15,12,13,7,8,14,4,3,5,9,10,6,2,1
11,3/25/24 17:18,9,1,5,11,7,15,3,13,12,14,8,4,2,10,6
12,3/25/24 19:47,8,14,6,2,4,12,10,9,11,15,5,3,7,13,1
13,3/25/24 20:55,14,12,6,8,4,10,2,15,9,7,3,11,1,13,5
14,3/25/24 21:39,5,10,13,9,12,7,11,14,2,15,6,3,4,8,1
15,3/25/24 23:56,9,7,5,13,11,8,2,3,10,4,15,14,12,1,6
